y_true,y_pred
False,0
False,0
False,0
False,0
False,0
False,0
False,0
False,0
False,0
False,0
False,0
False,0
False,0
False,0
False,0
False,0
False,0
False,0
False,0
False,0
False,0
False,0
False,0
False,0
False,0
False,0
False,0
False,0
False,0
False,0
False,0
False,0
False,1
False,0
False,0
False,0
False,0
False,0
False,0
False,0
False,0
False,0
False,0
False,0
False,0
False,0
False,0
False,0
False,0
False,0
False,0
False,0
False,0
False,0
False,0
False,0
False,0
False,0
False,0
False,0
False,0
False,0
False,0
False,0
False,0
False,0
False,0
False,0
False,0
False,0
False,0
False,0
False,0
False,0
False,0
False,0
False,0
False,0
False,0
False,0
False,0
False,0
False,0
False,0
False,0
False,0
False,0
False,0
False,0
False,0
False,0
False,0
False,0
False,0
False,0
False,0
False,0
False,0
False,0
False,0
False,0
False,0
False,0
False,0
False,0
False,0
False,0
False,0
False,0
False,0
False,0
False,0
False,0
False,0
False,0
False,0
False,0
False,0
False,0
False,0
False,0
False,0
False,0
False,0
False,0
False,0
False,0
False,0
False,0
False,0
False,0
False,0
False,0
False,0
False,0
False,0
False,0
False,0
False,0
False,0
False,0
False,0
False,0
False,0
False,0
False,0
False,0
False,0
False,0
False,0
False,0
False,0
False,1
False,0
False,0
False,1
False,0
True,0
False,0
False,0
False,0
False,0
False,0
False,0
False,0
False,0
False,0
False,0
False,0
False,0
False,0
False,0
False,0
False,0
False,0
False,0
False,0
False,0
False,0
False,0
False,0
False,0
False,0
False,0
False,0
False,0
False,0
False,0
False,0
False,0
False,0
False,0
False,0
False,0
False,0
False,0
False,0
False,0
False,0
False,0
False,0
False,0
False,0
False,0
False,0
False,0
False,0
False,0
False,0
False,0
False,0
False,0
False,0
False,0
True,0
False,0
False,0
False,0
False,0
False,0
False,0
False,0
False,0
False,1
False,0
False,0
False,0
False,0
False,0
False,0
False,0
False,0
False,0
False,0
False,0
False,0
False,0
False,0
False,0
False,0
False,0
False,0
False,0
False,0
False,0
False,0
False,0
False,0
False,0
False,0
False,0
False,0
False,0
False,0
False,0
False,0
False,0
False,0
False,0
False,0
False,0
False,0
False,0
False,0
False,0
False,0
False,0
False,0
False,0
False,0
False,0
False,0
False,0
False,0
False,0
False,0
False,0
False,0
False,0
False,0
False,0
False,0
False,0
False,0
False,0
False,0
False,0
False,0
False,0
False,0
False,0
False,0
False,0
False,0
False,0
False,0
False,0
False,0
False,0
False,0
False,0
False,0
False,0
False,0
False,0
True,0
False,0
False,0
False,0
False,0
False,0
False,0
False,0
False,0
False,0
False,0
False,0
False,0
False,0
False,0
False,0
False,0
False,0
False,0
False,0
False,0
False,0
False,0
False,0
False,0
False,0
False,0
False,0
False,0
False,0
False,0
False,0
False,0
False,0
False,0
False,0
False,0
False,0
False,0
False,0
False,0
False,0
False,0
False,0
False,0
False,0
False,0
False,0
False,0
False,0
False,0
False,0
False,0
False,0
False,0
False,0
False,0
False,0
False,0
False,0
False,0
False,0
False,0
False,0
False,0
False,0
False,0
False,0
False,0
False,0
False,0
False,0
False,0
False,0
False,0
False,0
False,0
False,0
False,0
False,0
False,0
False,0
False,0
False,0
False,0
False,0
False,0
False,0
False,0
False,1
False,0
False,0
False,0
False,0
False,0
False,0
False,0
False,1
False,0
False,0
False,0
False,0
False,0
False,0
False,0
False,0
False,0
False,0
False,0
False,0
False,0
False,0
False,0
False,0
False,0
False,0
False,0
False,0
False,0
False,0
False,0
False,0
False,0
False,0
False,0
False,0
False,0
False,0
False,0
False,0
False,0
False,0
False,0
False,0
False,0
False,0
False,0
False,0
False,0
False,0
False,0
False,0
False,0
False,0
False,0
False,0
False,0
False,0
False,0
False,0
False,0
False,0
False,0
False,0
False,0
False,0
False,0
False,0
False,0
False,0
False,0
False,0
False,0
False,0
False,0
False,0
False,0
False,0
False,0
False,0
False,0
False,0
False,0
False,0
False,0
False,0
False,0
False,0
False,0
False,0
False,0
False,0
False,0
False,0
False,0
False,0
False,0
False,0
False,0
False,0
False,0
False,0
False,0
False,0
False,0
False,0
False,0
False,0
False,0
False,0
False,0
False,0
False,0
False,0
False,0
False,0
False,0
False,0
False,0
False,0
False,0
False,0
False,0
False,0
False,0
False,0
False,0
False,0
False,0
False,0
False,0
False,0
False,0
False,0
False,0
False,0
False,0
False,0
False,0
False,0
False,0
False,0
False,0
False,0
False,0
False,0
False,0
False,0
False,0
False,1
False,0
False,0
False,0
False,0
False,0
False,0
False,0
False,0
False,0
False,0
False,0
False,0
False,0
False,0
